-- phpMyAdmin SQL Dump
-- version 5.2.1
-- https://www.phpmyadmin.net/
--
-- Host: 127.0.0.1
-- Generation Time: Jun 14, 2026 at 09:44 AM
-- Server version: 10.4.32-MariaDB
-- PHP Version: 8.2.12

SET SQL_MODE = "NO_AUTO_VALUE_ON_ZERO";
START TRANSACTION;
SET time_zone = "+00:00";


/*!40101 SET @OLD_CHARACTER_SET_CLIENT=@@CHARACTER_SET_CLIENT */;
/*!40101 SET @OLD_CHARACTER_SET_RESULTS=@@CHARACTER_SET_RESULTS */;
/*!40101 SET @OLD_COLLATION_CONNECTION=@@COLLATION_CONNECTION */;
/*!40101 SET NAMES utf8mb4 */;

--
-- Database: `bi_kematian`
--

-- --------------------------------------------------------

--
-- Table structure for table `dim_cause`
--

CREATE TABLE `dim_cause` (
  `cause_id` bigint(20) NOT NULL,
  `cause_name` text DEFAULT NULL
) ENGINE=InnoDB DEFAULT CHARSET=utf8mb4 COLLATE=utf8mb4_general_ci;

--
-- Dumping data for table `dim_cause`
--

INSERT INTO `dim_cause` (`cause_id`, `cause_name`) VALUES
(1, 'Abrasi Air Laut'),
(2, 'AIDS'),
(3, 'Aksi Teror dan Sabotase'),
(4, 'Angin kencang'),
(5, 'Angin Puting Beliung'),
(6, 'Angin Siklon Tropis'),
(7, 'Angin siklon tropis (angin kencang dan angin puting beliung)'),
(8, 'Angin Topan'),
(9, 'Angin Topan / Angin Puting Beliung / Angin Puyuh'),
(10, 'Antraks'),
(11, 'Avian Influenza (Flu Burung)'),
(12, 'Banjir'),
(13, 'Banjir Bandang'),
(14, 'Banjir Bandang dan Angin Siklon Tropis'),
(15, 'Banjir Bandang dan Tanah Longsor'),
(16, 'Banjir dan Tanah Longsor'),
(17, 'Banjir disertai Tanah Longsor'),
(18, 'Banjir Lahar Dingin'),
(19, 'Batuk Rejan'),
(20, 'Bencana kelaparan'),
(21, 'Campak'),
(22, 'Cedera intrakranial'),
(23, 'Cedera lahir'),
(24, 'Cedera YDT lainnya YTT dan daerah badan Multipel'),
(25, 'Cedera, Keracunan, dan Akibat Sebab Luar Tertentu Lainnya'),
(26, 'Cikungunya'),
(27, 'COVID-19'),
(28, 'Demam Berdarah Dengue (DBD)'),
(29, 'Demam Tifoid dan Paratifoid'),
(30, 'Demam yang Sebabnya Tidak Diketahui'),
(31, 'Diabetes melitus YTT'),
(32, 'Diare'),
(33, 'Diare & gastroenteritis Oleh penyebab infeksi tertentu (kolitis infeksi)'),
(34, 'Difteri'),
(35, 'Dispepsia'),
(36, 'Eklamsia dan preeklamsia'),
(37, 'Erupsi Gunung Api'),
(38, 'Faktor yg Mempengaruhi Keadaan Kesehatan & yg Berhubungan dengan Pelayanan Kesehatan'),
(39, 'Gagal ginjal lainnya'),
(40, 'Gagal Teknologi'),
(41, 'Gangguan Mental & Perilaku'),
(42, 'Gangguan saluran napas lainnya yang berhubungan dengan masa perinatal'),
(43, 'Gastritis dan Duodenitis'),
(44, 'Gejala, Tanda & Penemuan Laboratorium, Klinik Abnormal YTK'),
(45, 'Gelombang Besar'),
(46, 'Gelombang Besar dan Angin Siklon Tropis'),
(47, 'Gelombang Pasang'),
(48, 'Gelombang Pasang/Badai'),
(49, 'Gempa & Tsunami'),
(50, 'Gempa Bumi'),
(51, 'Gempa Bumi dan Tsunami'),
(52, 'Gizi Buruk'),
(53, 'Hepatitis A'),
(54, 'Hepatitis B'),
(55, 'Hepatitis Klinis'),
(56, 'Hipertensi Esensial (Primer)'),
(57, 'Hipoksia intrauterus dan asfiksia lahir'),
(58, 'Infeksi khusus lainnya pada masa perinatal'),
(59, 'Infeksi Saluran Napas Bagian Atas Akut Lainnya'),
(60, 'Janin dan bayi baru lahir yang dipengaruhi oleh faktor dan penyulit kehamilan persalinan dan kelahiran'),
(61, 'Kebakaran'),
(62, 'Kebakaran (Pemukiman)'),
(63, 'Kebakaran Hutan dan Lahan'),
(64, 'Kecelakaan Industri'),
(65, 'Kecelakaan kerja'),
(66, 'Kecelakaan Lalu Lintas'),
(67, 'Kecelakaan Transportasi'),
(68, 'Kecelakaan Transportasi Darat'),
(69, 'Kecelakaan Transportasi Laut-Udara'),
(70, 'Kegagalan Teknologi'),
(71, 'Kegagalan Teknologi (termasuk ledakan kompor gas)'),
(72, 'Kehamilan yang berakhir abortus'),
(73, 'Kehamilan, Persalinan & Masa Nifas'),
(74, 'Kejadian Luar Biasa (KLB) - Keracunan'),
(75, 'Kejadian Luar Biasa (KLB) - Penyakit'),
(76, 'Kekeringan'),
(77, 'Keracunan'),
(78, 'Keracunan Makanan'),
(79, 'Keracunan/KLB'),
(80, 'KLB'),
(81, 'KLB Antraks'),
(82, 'KLB Cacat Air'),
(83, 'KLB Campak'),
(84, 'KLB Cikungunya'),
(85, 'KLB Demam Berdarah'),
(86, 'KLB Demam Berdarah Dengue (DBD)'),
(87, 'KLB Dengue High Fever'),
(88, 'KLB Dengue Shock Syndrome'),
(89, 'KLB Diare'),
(90, 'KLB Diare Berdarah'),
(91, 'KLB Difteri'),
(92, 'KLB Disentri'),
(93, 'KLB Frambusia'),
(94, 'KLB Gizi Buruk'),
(95, 'KLB Hand, Foot, Mouth Diseases'),
(96, 'KLB Hepatitis'),
(97, 'KLB Hepatitis Klinis'),
(98, 'KLB Keracunan'),
(99, 'KLB Keracunan Makanan'),
(100, 'KLB Leptospirosis'),
(101, 'KLB Malaria'),
(102, 'KLB Malaria Falsiparum'),
(103, 'KLB Malaria Klinis'),
(104, 'KLB Marasmus'),
(105, 'KLB Meningitis'),
(106, 'KLB Parotitis'),
(107, 'KLB Pertusis'),
(108, 'KLB Polio'),
(109, 'KLB Rabies'),
(110, 'KLB Rubella'),
(111, 'KLB Tetanus'),
(112, 'KLB Tetanus Neonatal'),
(113, 'KLB Thypoid'),
(114, 'KLB Tifus Perut'),
(115, 'KLB Typus Perut'),
(116, 'Kolera'),
(117, 'Kondisi lain yang bermula pada masa perinatal'),
(118, 'Kondisi Tertentu yang bermula pada masa Perinatal'),
(119, 'Konflik'),
(120, 'Konflik Sosial'),
(121, 'Konflik Sosial atau Kerusuhan Sosial'),
(122, 'Kronis Filariasis'),
(123, 'Ledakan (bom, tabung gas, dll)'),
(124, 'Ledakan Akibat Gas'),
(125, 'Ledakan Bom'),
(126, 'Ledakan Granat/Bom'),
(127, 'Leptospirosis'),
(128, 'Letusan Gunung Api'),
(129, 'Letusan Gunung Berapi'),
(130, 'Letusan/Peningkatan Aktivitas Gunung Api'),
(131, 'Longsor Sampah'),
(132, 'Malaria (termasuk semua malaria)'),
(133, 'Malaria Klinis'),
(134, 'Malformasi, Deformasi Kongenital & Kelainan Kromosom'),
(135, 'Neoplasma'),
(136, 'Penyakit Apendiks'),
(137, 'Penyakit Darah & Organ Pembuat Darah & Gangguan tertentu yang Melibatkan Mekanisme Imun'),
(138, 'Penyakit Endokrin, Nutrisi, dan Metabolik'),
(139, 'Penyakit hemolitik pada janin dan bayi baru lahir'),
(140, 'Penyakit Infeksi & Parasit Tertentu'),
(141, 'Penyakit infeksi dan parasit kongenital'),
(142, 'Penyakit jantung lainnya'),
(143, 'Penyakit Kulit & Jaringan Subkutan'),
(144, 'Penyakit Mata dan Adneksa'),
(145, 'Penyakit Sistem Cerna'),
(146, 'Penyakit Sistem Kemih Kelamin'),
(147, 'Penyakit Sistem Muskuloskeletal dan Jaringan Ikat'),
(148, 'Penyakit Sistem Napas'),
(149, 'Penyakit Sistem Sirkulasi Darah'),
(150, 'Penyakit Susunan Syaraf'),
(151, 'Penyakit Telinga dan Pros. Mastoideus'),
(152, 'Penyulit kehamilan dan persalinan lainnya'),
(153, 'Penyulit kehamilan, persalinan dan masa nifas lainnya'),
(154, 'Perdarahan antepartum'),
(155, 'Perdarahan intrakranial'),
(156, 'Perdarahan pasca persalinan'),
(157, 'Persalinan dengan penyulit gawat janin'),
(158, 'Persalinan prematur'),
(159, 'Pertumbuhan janin lamban, malnutrisi janin dan gangguan yang berhubungan dengan kehamilan pendek dan berat badan lahir rendah'),
(160, 'Petir'),
(161, 'Plasenta previa'),
(162, 'Pneumonia'),
(163, 'Rabies'),
(164, 'Rabies - Lyssa'),
(165, 'Rubella'),
(166, 'Sebab Luar Morbiditas & Mortalitas'),
(167, 'Septisemia'),
(168, 'Stroke tidak menyebut pendarahan atau infark'),
(169, 'Tanah Longsor'),
(170, 'TB Paru'),
(171, 'TB Paru BTA Positif'),
(172, 'Tersambar Petir'),
(173, 'Tetanus'),
(174, 'Tetanus Neonatorium'),
(175, 'Tsunami'),
(176, 'Tsunami Aceh (Hilang)'),
(177, 'Tsunami Aceh (Meninggal)'),
(178, 'Tuberkulosis'),
(179, 'Tuberkulosis paru'),
(180, 'Tuberkulosis paru lainnya'),
(181, 'Wabah Penyakit (Epidemi)');

-- --------------------------------------------------------

--
-- Table structure for table `dim_type`
--

CREATE TABLE `dim_type` (
  `type_id` bigint(20) NOT NULL,
  `type_name` text DEFAULT NULL
) ENGINE=InnoDB DEFAULT CHARSET=utf8mb4 COLLATE=utf8mb4_general_ci;

--
-- Dumping data for table `dim_type`
--

INSERT INTO `dim_type` (`type_id`, `type_name`) VALUES
(1, 'bencana alam'),
(2, 'bencana non alam dan penyakit'),
(3, 'bencana sosial');

-- --------------------------------------------------------

--
-- Table structure for table `dim_year`
--

CREATE TABLE `dim_year` (
  `year_id` bigint(20) NOT NULL,
  `year` bigint(20) DEFAULT NULL
) ENGINE=InnoDB DEFAULT CHARSET=utf8mb4 COLLATE=utf8mb4_general_ci;

--
-- Dumping data for table `dim_year`
--

INSERT INTO `dim_year` (`year_id`, `year`) VALUES
(1, 2012),
(2, 2000),
(3, 2001),
(4, 2002),
(5, 2003),
(6, 2004),
(7, 2005),
(8, 2006),
(9, 2007),
(10, 2008),
(11, 2009),
(12, 2010),
(13, 2011),
(14, 2019),
(15, 2020),
(16, 2021),
(17, 2015),
(18, 2016),
(19, 2017),
(20, 2018),
(21, 2013),
(22, 2014),
(23, 2022);

-- --------------------------------------------------------

--
-- Table structure for table `fact_deaths`
--

CREATE TABLE `fact_deaths` (
  `cause_id` bigint(20) DEFAULT NULL,
  `type_id` bigint(20) DEFAULT NULL,
  `year_id` bigint(20) DEFAULT NULL,
  `total_deaths` bigint(20) DEFAULT NULL
) ENGINE=InnoDB DEFAULT CHARSET=utf8mb4 COLLATE=utf8mb4_general_ci;

--
-- Dumping data for table `fact_deaths`
--

INSERT INTO `fact_deaths` (`cause_id`, `type_id`, `year_id`, `total_deaths`) VALUES
(1, 1, 1, 0),
(2, 2, 2, 47),
(2, 2, 3, 99),
(2, 2, 4, 100),
(2, 2, 5, 261),
(2, 2, 6, 361),
(2, 2, 7, 509),
(2, 2, 8, 635),
(2, 2, 9, 788),
(2, 2, 10, 711),
(2, 2, 11, 331),
(2, 2, 12, 979),
(2, 2, 13, 597),
(2, 2, 14, 614),
(2, 2, 15, 665),
(2, 2, 16, 688),
(3, 3, 17, 0),
(3, 3, 18, 13),
(3, 3, 19, 0),
(3, 3, 20, 18),
(3, 3, 14, 3),
(3, 3, 15, 4),
(3, 3, 16, 4),
(4, 1, 10, 3),
(5, 1, 10, 13),
(5, 1, 17, 37),
(5, 1, 18, 20),
(5, 1, 19, 0),
(5, 1, 20, 10),
(5, 1, 14, 4),
(5, 1, 15, 12),
(5, 1, 16, 4),
(6, 1, 12, 10),
(6, 1, 13, 4),
(6, 1, 1, 23),
(7, 1, 11, 4),
(8, 1, 7, 0),
(9, 1, 8, 9),
(9, 1, 9, 10),
(10, 2, 2, 0),
(10, 2, 3, 2),
(10, 2, 4, 8),
(10, 2, 5, 2),
(10, 2, 6, 8),
(10, 2, 7, 1),
(10, 2, 8, 1),
(10, 2, 9, 5),
(10, 2, 10, 0),
(10, 2, 11, 2),
(10, 2, 12, 1),
(10, 2, 13, 0),
(10, 2, 1, 0),
(10, 2, 21, 1),
(10, 2, 22, 3),
(10, 2, 17, 0),
(10, 2, 18, 0),
(10, 2, 19, 1),
(10, 2, 20, 0),
(11, 2, 6, 0),
(11, 2, 7, 13),
(11, 2, 8, 45),
(11, 2, 9, 37),
(11, 2, 10, 20),
(11, 2, 11, 19),
(11, 2, 12, 7),
(11, 2, 13, 10),
(11, 2, 1, 9),
(11, 2, 21, 3),
(11, 2, 22, 2),
(11, 2, 17, 2),
(11, 2, 18, 0),
(11, 2, 19, 1),
(11, 2, 20, 0),
(12, 1, 7, 2),
(12, 1, 8, 108),
(12, 1, 9, 140),
(12, 1, 10, 58),
(12, 1, 11, 30),
(12, 1, 12, 33),
(12, 1, 13, 14),
(12, 1, 1, 9),
(12, 1, 17, 35),
(12, 1, 18, 42),
(12, 1, 19, 6),
(12, 1, 20, 26),
(12, 1, 14, 43),
(12, 1, 15, 88),
(12, 1, 16, 124),
(13, 1, 7, 0),
(13, 1, 8, 251),
(13, 1, 9, 0),
(13, 1, 10, 42),
(13, 1, 11, 127),
(13, 1, 12, 215),
(13, 1, 13, 55),
(13, 1, 1, 38),
(13, 1, 17, 20),
(13, 1, 18, 81),
(13, 1, 19, 23),
(13, 1, 20, 18),
(13, 1, 14, 109),
(13, 1, 15, 49),
(13, 1, 16, 120),
(14, 1, 1, 0),
(15, 1, 9, 2),
(15, 1, 1, 0),
(16, 1, 9, 265),
(16, 1, 13, 3),
(16, 1, 1, 20),
(16, 1, 17, 2),
(16, 1, 18, 11),
(16, 1, 19, 49),
(16, 1, 20, 43),
(16, 1, 14, 98),
(16, 1, 15, 67),
(16, 1, 16, 106),
(17, 1, 10, 17),
(17, 1, 11, 4),
(17, 1, 12, 19),
(18, 1, 11, 0),
(18, 1, 13, 6),
(18, 1, 1, 6),
(19, 2, 6, 4),
(19, 2, 8, 1),
(20, 3, 8, 1),
(21, 2, 8, 9),
(21, 2, 10, 1),
(21, 2, 12, 7),
(21, 2, 13, 9),
(21, 2, 1, 4),
(21, 2, 21, 2),
(21, 2, 22, 8),
(21, 2, 17, 1),
(21, 2, 19, 1),
(21, 2, 20, 0),
(22, 2, 6, 2554),
(22, 2, 7, 3021),
(22, 2, 8, 2519),
(22, 2, 12, 1025),
(23, 2, 6, 23),
(23, 2, 7, 51),
(23, 2, 8, 57),
(24, 2, 12, 605),
(25, 2, 7, 5331),
(25, 2, 8, 4770),
(25, 2, 9, 5945),
(25, 2, 10, 5767),
(26, 2, 8, 0),
(27, 2, 15, 22138),
(27, 2, 16, 121956),
(27, 2, 23, 12876),
(28, 2, 8, 1196),
(28, 2, 9, 1599),
(28, 2, 10, 1187),
(28, 2, 11, 1420),
(28, 2, 13, 597),
(28, 2, 1, 816),
(28, 2, 21, 871),
(28, 2, 22, 907),
(28, 2, 17, 1071),
(28, 2, 18, 1598),
(28, 2, 19, 493),
(28, 2, 20, 467),
(28, 2, 14, 919),
(28, 2, 15, 747),
(28, 2, 16, 705),
(29, 2, 6, 2619),
(29, 2, 11, 1013),
(29, 2, 12, 274),
(30, 2, 11, 462),
(31, 2, 7, 2086),
(31, 2, 8, 2384),
(32, 2, 4, 94),
(32, 2, 5, 128),
(32, 2, 6, 53),
(32, 2, 8, 277),
(33, 2, 6, 3941),
(33, 2, 8, 2716),
(33, 2, 11, 1747),
(33, 2, 12, 1289),
(34, 2, 7, 1),
(34, 2, 8, 1),
(34, 2, 9, 11),
(34, 2, 12, 24),
(34, 2, 13, 38),
(34, 2, 1, 76),
(34, 2, 21, 39),
(34, 2, 22, 16),
(34, 2, 17, 5),
(34, 2, 18, 24),
(34, 2, 19, 44),
(34, 2, 20, 29),
(34, 2, 14, 23),
(34, 2, 15, 13),
(34, 2, 16, 25),
(35, 2, 11, 520),
(35, 2, 12, 166),
(36, 2, 6, 145),
(36, 2, 7, 197),
(36, 2, 8, 166),
(37, 1, 1, 0),
(38, 2, 7, 796),
(38, 2, 8, 925),
(38, 2, 10, 1627),
(39, 2, 7, 3047),
(39, 2, 8, 2521),
(40, 2, 17, 23),
(40, 2, 18, 20),
(40, 2, 19, 0),
(40, 2, 20, 5),
(40, 2, 14, 1),
(40, 2, 15, 1),
(40, 2, 16, 7),
(41, 2, 7, 164),
(41, 2, 8, 227),
(41, 2, 10, 204),
(42, 2, 6, 548),
(42, 2, 7, 724),
(42, 2, 8, 662),
(43, 2, 11, 235),
(44, 2, 7, 3264),
(44, 2, 8, 3296),
(44, 2, 9, 3967),
(44, 2, 10, 4238),
(45, 1, 1, 3),
(46, 1, 1, 1),
(47, 1, 10, 5),
(47, 1, 11, 0),
(47, 1, 12, 0),
(47, 1, 13, 0),
(48, 1, 18, 4),
(48, 1, 19, 0),
(48, 1, 20, 0),
(48, 1, 14, 0),
(48, 1, 15, 0),
(48, 1, 16, 7),
(49, 1, 12, 509),
(50, 1, 7, 1801),
(50, 1, 8, 6469),
(50, 1, 9, 99),
(50, 1, 10, 14),
(50, 1, 11, 1209),
(50, 1, 12, 7),
(50, 1, 13, 1),
(50, 1, 1, 13),
(50, 1, 17, 2),
(50, 1, 18, 107),
(50, 1, 19, 4),
(50, 1, 20, 573),
(50, 1, 14, 64),
(50, 1, 15, 0),
(50, 1, 16, 121),
(51, 1, 18, 0),
(51, 1, 19, 0),
(51, 1, 20, 2615),
(51, 1, 14, 0),
(51, 1, 15, 0),
(51, 1, 16, 0),
(52, 2, 7, 293),
(53, 2, 20, 0),
(54, 2, 7, 5),
(54, 2, 8, 7),
(55, 2, 6, 7),
(55, 2, 7, 8),
(55, 2, 8, 5),
(56, 2, 11, 935),
(56, 2, 12, 955),
(57, 2, 6, 1297),
(57, 2, 7, 1876),
(57, 2, 8, 1792),
(58, 2, 6, 137),
(58, 2, 7, 138),
(58, 2, 8, 117),
(59, 2, 6, 5532),
(59, 2, 11, 162),
(59, 2, 12, 589),
(60, 2, 6, 362),
(60, 2, 7, 461),
(60, 2, 8, 548),
(61, 2, 7, 0),
(61, 2, 11, 2),
(61, 2, 12, 29),
(61, 2, 1, 88),
(61, 2, 17, 62),
(61, 2, 18, 42),
(61, 2, 19, 1),
(61, 2, 20, 15),
(61, 2, 14, 3),
(61, 2, 15, 6),
(61, 2, 16, 42),
(62, 2, 13, 6),
(63, 1, 17, 22),
(63, 1, 18, 0),
(63, 1, 19, 0),
(63, 1, 14, 0),
(63, 2, 15, 0),
(63, 2, 16, 0),
(64, 2, 10, 11),
(64, 2, 11, 33),
(64, 2, 12, 8),
(64, 2, 13, 0),
(64, 2, 17, 0),
(64, 2, 18, 1),
(64, 2, 19, 0),
(64, 2, 20, 22),
(64, 2, 14, 0),
(64, 2, 15, 0),
(64, 2, 16, 1),
(65, 2, 8, 1784),
(65, 2, 9, 1883),
(66, 2, 6, 11204),
(66, 2, 7, 0),
(66, 2, 11, 18448),
(66, 2, 12, 29952),
(67, 2, 8, 129),
(67, 2, 9, 65),
(67, 2, 13, 324),
(67, 2, 1, 314),
(67, 2, 17, 475),
(67, 2, 18, 252),
(67, 2, 19, 14),
(67, 2, 20, 246),
(68, 2, 14, 69),
(68, 2, 15, 8),
(68, 2, 16, 35),
(69, 2, 14, 34),
(69, 2, 15, 0),
(69, 2, 16, 134),
(70, 2, 10, 3),
(70, 2, 11, 6),
(70, 2, 13, 25),
(70, 2, 1, 4),
(71, 2, 12, 5),
(72, 2, 6, 499),
(72, 2, 7, 95),
(72, 2, 8, 205),
(73, 2, 7, 857),
(73, 2, 8, 1318),
(73, 2, 10, 1807),
(74, 2, 17, 7),
(74, 2, 18, 34),
(74, 2, 19, 12),
(74, 2, 20, 45),
(74, 2, 14, 10),
(74, 2, 15, 2),
(74, 2, 16, 6),
(75, 2, 17, 66),
(75, 2, 18, 0),
(75, 2, 19, 2),
(75, 2, 20, 82),
(75, 2, 14, 8),
(75, 2, 15, 30),
(75, 2, 16, 0),
(76, 1, 17, 0),
(76, 1, 18, 0),
(76, 1, 19, 0),
(76, 1, 14, 0),
(76, 1, 15, 0),
(76, 1, 16, 0),
(77, 2, 12, 4),
(78, 2, 3, 23),
(78, 2, 4, 27),
(78, 2, 5, 6),
(78, 2, 6, 22),
(78, 2, 7, 0),
(78, 2, 8, 21),
(79, 2, 1, 22),
(80, 2, 9, 10),
(80, 2, 10, 58),
(81, 2, 7, 1),
(82, 2, 6, 0),
(83, 2, 6, 44),
(83, 2, 7, 7),
(83, 2, 11, 42),
(83, 2, 12, 6),
(83, 2, 13, 10),
(83, 2, 1, 4),
(83, 2, 21, 1),
(83, 2, 22, 21),
(83, 2, 17, 0),
(83, 2, 18, 4),
(83, 2, 19, 14),
(83, 2, 20, 0),
(83, 2, 14, 0),
(83, 2, 15, 0),
(83, 2, 16, 0),
(84, 2, 6, 0),
(84, 2, 7, 0),
(85, 2, 7, 0),
(86, 2, 7, 91),
(86, 2, 17, 144),
(87, 2, 6, 87),
(88, 2, 6, 7),
(89, 2, 2, 109),
(89, 2, 3, 100),
(89, 2, 4, 94),
(89, 2, 5, 128),
(89, 2, 6, 53),
(89, 2, 7, 127),
(89, 2, 8, 291),
(89, 2, 9, 72),
(89, 2, 10, 239),
(89, 2, 11, 100),
(89, 2, 12, 73),
(89, 2, 13, 12),
(89, 2, 1, 25),
(89, 2, 21, 7),
(89, 2, 22, 29),
(89, 2, 17, 30),
(89, 2, 18, 6),
(89, 2, 19, 34),
(89, 2, 20, 36),
(90, 2, 7, 0),
(91, 2, 6, 10),
(91, 2, 7, 9),
(92, 2, 6, 0),
(93, 2, 6, 0),
(94, 2, 7, 3),
(95, 2, 6, 0),
(96, 2, 6, 2),
(97, 2, 7, 0),
(98, 2, 6, 5),
(99, 2, 6, 23),
(99, 2, 7, 0),
(99, 2, 13, 4),
(100, 2, 6, 1),
(101, 2, 6, 15),
(102, 2, 7, 44),
(103, 2, 7, 0),
(104, 2, 6, 0),
(105, 2, 6, 0),
(106, 2, 6, 0),
(107, 2, 6, 0),
(108, 2, 7, 8),
(109, 2, 6, 13),
(109, 2, 7, 18),
(110, 2, 6, 0),
(110, 2, 7, 0),
(111, 2, 6, 0),
(112, 2, 6, 39),
(113, 2, 6, 0),
(114, 2, 6, 0),
(115, 2, 7, 0),
(116, 2, 8, 0),
(117, 2, 6, 170),
(117, 2, 7, 255),
(117, 2, 8, 342),
(118, 2, 7, 9873),
(118, 2, 8, 9567),
(118, 2, 9, 9822),
(118, 2, 10, 9108),
(119, 3, 11, 16),
(119, 3, 12, 33),
(119, 3, 13, 34),
(120, 3, 10, 1),
(120, 3, 1, 65),
(121, 3, 17, 45),
(121, 3, 18, 13),
(121, 3, 19, 0),
(121, 3, 20, 7),
(121, 3, 14, 4),
(121, 3, 15, 0),
(121, 3, 16, 0),
(122, 2, 14, 425),
(122, 2, 15, 891),
(122, 2, 16, 617),
(123, 2, 11, 9),
(124, 2, 1, 8),
(125, 2, 10, 2),
(125, 2, 12, 0),
(125, 2, 1, 0),
(126, 2, 7, 45),
(126, 2, 8, 14),
(126, 2, 9, 4),
(127, 2, 4, 21),
(127, 2, 5, 10),
(127, 2, 6, 25),
(127, 2, 7, 14),
(127, 2, 8, 14),
(127, 2, 9, 55),
(127, 2, 10, 22),
(127, 2, 11, 23),
(127, 2, 12, 43),
(127, 2, 13, 82),
(127, 2, 1, 29),
(127, 2, 21, 60),
(127, 2, 22, 61),
(127, 2, 17, 65),
(127, 2, 18, 62),
(127, 2, 19, 136),
(127, 2, 20, 150),
(127, 2, 14, 122),
(127, 2, 15, 106),
(127, 2, 16, 84),
(128, 1, 10, 0),
(128, 1, 11, 0),
(128, 1, 17, 1),
(128, 1, 18, 9),
(128, 1, 19, 71),
(128, 1, 20, 0),
(128, 1, 14, 0),
(128, 1, 15, 0),
(128, 1, 16, 51),
(129, 1, 12, 382),
(130, 1, 13, 2),
(131, 1, 1, 1),
(132, 2, 6, 3578),
(133, 2, 8, 30),
(134, 2, 7, 599),
(134, 2, 8, 541),
(134, 2, 10, 605),
(135, 2, 7, 4822),
(135, 2, 8, 3378),
(135, 2, 9, 4585),
(135, 2, 10, 4332),
(136, 2, 11, 234),
(137, 2, 7, 225),
(137, 2, 8, 129),
(137, 2, 10, 1223),
(138, 2, 7, 4511),
(138, 2, 8, 5242),
(138, 2, 9, 5277),
(138, 2, 10, 5585),
(139, 2, 6, 17),
(139, 2, 7, 26),
(139, 2, 8, 20),
(140, 2, 7, 12624),
(140, 2, 8, 15984),
(140, 2, 9, 14323),
(140, 2, 10, 16769),
(141, 2, 6, 466),
(141, 2, 7, 516),
(141, 2, 8, 467),
(142, 2, 7, 2577),
(143, 2, 7, 201),
(143, 2, 8, 189),
(143, 2, 10, 324),
(144, 2, 7, 14),
(144, 2, 8, 287),
(144, 2, 10, 123),
(145, 2, 7, 5787),
(145, 2, 8, 5739),
(145, 2, 9, 6590),
(145, 2, 10, 6825),
(146, 2, 7, 4390),
(146, 2, 8, 3750),
(146, 2, 9, 4557),
(146, 2, 10, 4542),
(147, 2, 7, 235),
(147, 2, 8, 235),
(147, 2, 10, 605),
(148, 2, 7, 6075),
(148, 2, 8, 6156),
(148, 2, 9, 7214),
(148, 2, 10, 8190),
(149, 2, 7, 19944),
(149, 2, 8, 19361),
(149, 2, 9, 21830),
(149, 2, 10, 23163),
(150, 2, 7, 3089),
(150, 2, 8, 2894),
(150, 2, 10, 3218),
(151, 2, 7, 21),
(151, 2, 8, 35),
(151, 2, 10, 109),
(152, 2, 12, 276),
(153, 2, 6, 1508),
(153, 2, 7, 214),
(153, 2, 8, 250),
(154, 2, 6, 11),
(154, 2, 7, 16),
(154, 2, 8, 8),
(155, 2, 6, 2868),
(155, 2, 7, 3572),
(155, 2, 8, 3677),
(156, 2, 6, 43),
(156, 2, 7, 71),
(156, 2, 8, 43),
(157, 2, 6, 11),
(157, 2, 7, 8),
(157, 2, 8, 11),
(158, 2, 6, 23),
(158, 2, 7, 31),
(158, 2, 8, 34),
(159, 2, 6, 2100),
(159, 2, 7, 2606),
(159, 2, 8, 2578),
(160, 1, 10, 7),
(161, 2, 6, 30),
(161, 2, 7, 40),
(161, 2, 8, 36),
(162, 2, 6, 3103),
(162, 2, 7, 2765),
(162, 2, 8, 2459),
(162, 2, 11, 2365),
(162, 2, 12, 1315),
(163, 2, 8, 19),
(164, 2, 11, 195),
(164, 2, 12, 206),
(164, 2, 13, 184),
(164, 2, 1, 137),
(164, 2, 21, 119),
(164, 2, 22, 98),
(164, 2, 17, 118),
(164, 2, 18, 99),
(164, 2, 19, 108),
(164, 2, 20, 111),
(164, 2, 14, 115),
(164, 2, 15, 40),
(164, 2, 16, 62),
(165, 2, 8, 0),
(166, 2, 7, 2745),
(166, 2, 8, 1010),
(166, 2, 10, 2046),
(167, 2, 6, 2369),
(167, 2, 7, 3065),
(167, 2, 8, 2539),
(168, 2, 6, 4215),
(168, 2, 7, 4692),
(168, 2, 8, 4377),
(169, 1, 7, 170),
(169, 1, 8, 123),
(169, 1, 9, 46),
(169, 1, 10, 103),
(169, 1, 11, 73),
(169, 1, 12, 131),
(169, 1, 13, 84),
(169, 1, 1, 54),
(169, 1, 17, 96),
(169, 1, 18, 168),
(169, 1, 19, 16),
(169, 1, 20, 23),
(169, 1, 14, 34),
(169, 1, 15, 20),
(169, 1, 16, 50),
(170, 2, 10, 3271),
(171, 2, 11, 3282),
(172, 1, 13, 1),
(172, 1, 1, 6),
(173, 2, 7, 43),
(173, 2, 8, 18),
(174, 2, 2, 183),
(174, 2, 3, 100),
(174, 2, 4, 91),
(174, 2, 5, 98),
(174, 2, 6, 42),
(174, 2, 7, 82),
(174, 2, 8, 46),
(174, 2, 9, 74),
(174, 2, 10, 100),
(174, 2, 11, 76),
(174, 2, 12, 84),
(174, 2, 13, 69),
(174, 2, 1, 59),
(174, 2, 21, 42),
(174, 2, 22, 54),
(174, 2, 17, 27),
(174, 2, 18, 14),
(174, 2, 19, 14),
(174, 2, 20, 4),
(174, 2, 14, 2),
(174, 2, 15, 2),
(174, 2, 16, 9),
(175, 1, 13, 2),
(175, 1, 20, 431),
(175, 1, 14, 0),
(175, 1, 15, 0),
(175, 1, 16, 0),
(176, 1, 6, 37527),
(177, 1, 6, 129171),
(178, 2, 14, 11993),
(178, 2, 15, 13174),
(178, 2, 16, 14148),
(179, 2, 6, 3852),
(180, 2, 7, 2024),
(181, 2, 18, 0),
(181, 2, 19, 0),
(181, 2, 14, 0),
(181, 2, 15, 0),
(181, 2, 16, 0);

--
-- Indexes for dumped tables
--

--
-- Indexes for table `dim_cause`
--
ALTER TABLE `dim_cause`
  ADD PRIMARY KEY (`cause_id`);

--
-- Indexes for table `dim_type`
--
ALTER TABLE `dim_type`
  ADD PRIMARY KEY (`type_id`);

--
-- Indexes for table `dim_year`
--
ALTER TABLE `dim_year`
  ADD PRIMARY KEY (`year_id`);

--
-- Indexes for table `fact_deaths`
--
ALTER TABLE `fact_deaths`
  ADD KEY `fk_cause` (`cause_id`),
  ADD KEY `fk_type` (`type_id`),
  ADD KEY `fk_year` (`year_id`);

--
-- Constraints for dumped tables
--

--
-- Constraints for table `fact_deaths`
--
ALTER TABLE `fact_deaths`
  ADD CONSTRAINT `fk_cause` FOREIGN KEY (`cause_id`) REFERENCES `dim_cause` (`cause_id`),
  ADD CONSTRAINT `fk_type` FOREIGN KEY (`type_id`) REFERENCES `dim_type` (`type_id`),
  ADD CONSTRAINT `fk_year` FOREIGN KEY (`year_id`) REFERENCES `dim_year` (`year_id`);
COMMIT;

/*!40101 SET CHARACTER_SET_CLIENT=@OLD_CHARACTER_SET_CLIENT */;
/*!40101 SET CHARACTER_SET_RESULTS=@OLD_CHARACTER_SET_RESULTS */;
/*!40101 SET COLLATION_CONNECTION=@OLD_COLLATION_CONNECTION */;
